tic_id,name,toi,sector,period_days,t0_bjd,duration_hours,depth_ppm,r_star_rsun,m_star_msun,expected_disp
341420329,TOI-1019.01,1019.01,,5.234101,2459232.4469,3.71,20796.9,1.56,1.0,PC
149603524,TOI-102.01,102.01,,4.411937,2460982.0655,3.63,14711.9,1.21,1.0,KP
20318757,TOI-1027.01,1027.01,,3.283456,2460037.869,1.54,1558.0,0.68,1.0,PC
20318757,TOI-1027.02,1027.02,,11.02875,2460032.5332,2.71,1694.0,0.68,1.0,PC
20318757,TOI-1027.03,1027.03,,5.011329,2460032.573,1.02,1210.0,0.68,1.0,PC
336732616,TOI-103.01,103.01,,3.547854,2458327.2526,3.49,10424.4,1.4,1.0,KP
182943944,TOI-1017.01,1017.01,,1.10422,2458518.9654,2.37,14177.7,1.61,1.0,FP
291555748,TOI-1018.01,1018.01,,4.95912,2458492.7808,2.51,7440.0,2.0,1.0,FP
140706664,TOI-1020.01,1020.01,,3.28892,2458521.2911,3.79,10518.9,1.0,1.0,FP
143994283,TOI-1021.01,1021.01,,1.90879,2458492.9043,1.91,618.5,1.22,1.0,FP
